produto_id,nome,modelo,papel,mape,rmse,mae,vencedor
1,Arroz 5kg,holt_winters,motor,12.4887,2.2522,1.7583,False
1,Arroz 5kg,prophet,motor,12.4606,2.2451,1.7488,True
1,Arroz 5kg,naive_sazonal,baseline,27.3005,8.5983,4.726,False
2,Feijão Carioca 1kg,holt_winters,motor,13.2639,1.4155,1.1231,True
2,Feijão Carioca 1kg,prophet,motor,13.354,1.4191,1.1279,False
2,Feijão Carioca 1kg,naive_sazonal,baseline,29.0205,2.3054,1.863,False
3,Leite Integral 1L,holt_winters,motor,42.0977,9.1086,7.4113,True
3,Leite Integral 1L,prophet,motor,42.7739,9.1659,7.4487,False
3,Leite Integral 1L,naive_sazonal,baseline,52.0871,14.9465,10.137,False
4,Pão Francês,holt_winters,motor,81.251,16.0704,11.9428,True
4,Pão Francês,prophet,motor,84.172,16.2863,12.1403,False
4,Pão Francês,naive_sazonal,baseline,93.1659,23.5945,17.5753,False
5,Banana Prata kg,holt_winters,motor,66.6753,8.0727,6.1818,False
5,Banana Prata kg,prophet,motor,66.6271,8.073,6.1818,True
5,Banana Prata kg,naive_sazonal,baseline,99.1435,12.3804,8.5068,False
6,Sal Refinado 1kg,holt_winters,motor,9.6252,1.0853,0.5875,False
6,Sal Refinado 1kg,prophet,motor,9.5655,1.0844,0.5851,True
6,Sal Refinado 1kg,naive_sazonal,baseline,31.2457,3.5731,1.7808,False
7,Açúcar Cristal 1kg,holt_winters,motor,8.8945,1.7412,0.9415,True
7,Açúcar Cristal 1kg,prophet,motor,9.0065,1.7404,0.9452,False
7,Açúcar Cristal 1kg,naive_sazonal,baseline,22.1761,5.0273,2.5342,False
8,Óleo de Soja 900ml,holt_winters,motor,21.4335,2.1356,1.421,True
8,Óleo de Soja 900ml,prophet,motor,21.4615,2.1373,1.4216,False
8,Óleo de Soja 900ml,naive_sazonal,baseline,36.2289,3.7544,2.3973,False
9,Frango Inteiro kg,holt_winters,motor,25.3962,3.7548,2.6511,False
9,Frango Inteiro kg,prophet,motor,25.287,3.7482,2.6434,True
9,Frango Inteiro kg,naive_sazonal,baseline,49.9327,6.8965,4.8493,False
10,Refrigerante 2L,holt_winters,motor,28.2987,4.7083,3.3909,True
10,Refrigerante 2L,prophet,motor,28.3084,4.7087,3.3912,False
10,Refrigerante 2L,naive_sazonal,baseline,37.9529,5.5345,4.1918,False
